-- Xóa dữ liệu cũ để tránh xung đột
DELETE FROM FEEDBACK;
DELETE FROM USER_COURSE_STATUS;
DELETE FROM USER_PROGRESS;
DELETE FROM PAYMENTS;
DELETE FROM QUESTIONS;
DELETE FROM ANSWERS;
DELETE FROM ASSIGNMENTS;
DELETE FROM EXAMS;
DELETE FROM DOCUMENTS;
DELETE FROM LESSONS;
DELETE FROM VIDEOS;
DELETE FROM CHAPTERS;
DELETE FROM COURSES;
DELETE FROM USERS;
GO

INSERT INTO Users (UserId, UserName, UserEmail, UserPassword, PhoneNumber, UserAddress) VALUES
(1, N'Nguyễn Văn An', 'nguyenvanan@gmail.com', 'MatKhau123', '0905123456', N'123 Đường Láng, Đống Đa, Hà Nội'),
(2, N'Trần Thị Bình', 'tranthibinh@yahoo.com', 'Binh45678', '0912345678', N'45 Nguyễn Huệ, TP Huế'),
(3, N'Lê Minh Châu', 'leminhchau@gmail.com', 'Chau78912', '0935123456', N'78 Trần Phú, Nha Trang, Khánh Hòa'),
(4, N'Phạm Quốc Đạt', 'phamquocdat@hotmail.com', 'Dat12345', '0987654321', N'56 Lê Lợi, Quận 1, TP.HCM'),
(5, N'Hoàng Thị Dung', 'hoangthidung@gmail.com', 'Dung67890', '0923456789', N'12 Phạm Văn Đồng, Cầu Giấy, Hà Nội'),
(6, N'Vũ Văn Hào', 'vuvanha@gmail.com', 'Hao11223', '0945678901', N'89 Nguyễn Trãi, Thanh Xuân, Hà Nội'),
(7, N'Đỗ Thị Hồng', 'dothihong@yahoo.com', 'Hong44556', '0971234567', N'34 Hùng Vương, Đà Nẵng'),
(8, N'Ngô Minh Hùng', 'ngominhhung@gmail.com', 'Hung78901', '0967890123', N'67 Lê Đại Hành, Hai Bà Trưng, Hà Nội'),
(9, N'Bùi Thị Lan', 'buithilan@hotmail.com', 'Lan23456', '0936789012', N'23 Nguyễn Văn Cừ, TP Hạ Long'),
(10, N'Trương Văn Long', 'truongvanlong@gmail.com', 'Long89012', '0916789012', N'45 Lý Thường Kiệt, TP Vinh'),
(11, N'Lý Thị Mai', 'lythimai@gmail.com', 'Mai34567', '0981234567', N'78 Trần Hưng Đạo, Quận 5, TP.HCM'),
(12, N'Phan Văn Nam', 'phanvannam@yahoo.com', 'Nam67890', '0906789012', N'12 Nguyễn Đình Chiểu, Đà Lạt'),
(13, N'Nguyễn Thị Oanh', 'nguyenthioanh@gmail.com', 'Oanh12345', '0941234567', N'56 Lê Văn Sỹ, Quận 3, TP.HCM'),
(14, N'Trần Văn Phong', 'tranvanphong@gmail.com', 'Phong45678', '0926789012', N'89 Hoàng Diệu, Hải Phòng'),
(15, N'Lê Thị Quyên', 'lethiquyen@hotmail.com', 'Quyen78901', '0978901234', N'34 Nguyễn Công Trứ, Hà Nội'),
(16, N'Phạm Văn Sơn', 'phamvanson@gmail.com', 'Son23456', '0961234567', N'67 Trần Quang Khải, TP.HCM'),
(17, N'Hoàng Văn Tài', 'hoangvantai@yahoo.com', 'Tai89012', '0931234567', N'23 Nguyễn Thị Minh Khai, Đà Nẵng'),
(18, N'Vũ Thị Thanh', 'vuthithanh@gmail.com', 'Thanh34567', '0918901234', N'45 Lê Hồng Phong, Nha Trang'),
(19, N'Đỗ Văn Thắng', 'dovanthang@gmail.com', 'Thang67890', '0989012345', N'12 Phạm Hồng Thái, Hà Nội'),
(20, N'Ngô Thị Thủy', 'ngothithuy@yahoo.com', 'Thuy12345', '0949012345', N'78 Nguyễn Văn Trỗi, TP.HCM'),
(21, N'Bùi Văn Tín', 'buivantin@gmail.com', 'Tin45678', '0929012345', N'56 Lý Nam Đế, Hà Nội'),
(22, N'Trương Thị Trang', 'truongthitrang@hotmail.com', 'Trang78901', N'0974567890', '34 Nguyễn Thái Học, Huế'),
(23, N'Lý Văn Trung', 'lyvantrung@gmail.com', 'Trung23456', '0964567890', N'89 Lê Lai, Đà Nẵng'),
(24, N'Phan Thị Tuyền', 'phanthituyen@yahoo.com', 'Tuyen89012', '0934567890', N'12 Nguyễn Hữu Thọ, TP.HCM'),
(25, N'Nguyễn Văn Vinh', 'nguyenvanvinh@gmail.com', 'Vinh34567', '0914567890', N'45 Trần Quốc Toản, Hà Nội'),
(26, N'Trần Thị Xuân', 'tranthixuan@gmail.com', 'Xuan67890', '0983456789', N'78 Nguyễn Khánh Toàn, Hà Nội'),
(27, N'Lê Văn Yên', 'levanyen@hotmail.com', 'Yen12345', '0943456789', N'56 Lê Thanh Nghị, Hai Bà Trưng, Hà Nội'),
(28, N'Phạm Thị Ánh', 'phamthianh@gmail.com', 'Anh45678', '0923456789', N'34 Nguyễn Văn Cừ, Vinh'),
(29, N'Hoàng Văn Bảo', 'hoangvanbao@yahoo.com', 'Bao78901', '0972345678', N'67 Trần Phú, Nha Trang'),
(30, N'Vũ Thị Cẩm', 'vuthicam@gmail.com', 'Cam23456', '0962345678', N'12 Lê Lợi, Quận 1, TP.HCM'),
(31, N'Đỗ Văn Dũng', 'dovandung@gmail.com', 'Dung89012', '0932345678', N'45 Hùng Vương, Đà Nẵng'),
(32, N'Ngô Thị Hà', 'ngothiha@yahoo.com', 'Ha34567', '0912345678', N'78 Nguyễn Trãi, Thanh Xuân, Hà Nội'),
(33, N'Bùi Văn Hậu', 'buivanhau@gmail.com', 'Hau67890', '0981234567', N'56 Phạm Văn Đồng, Cầu Giấy, Hà Nội'),
(34, N'Trương Thị Hiền', 'truongthihien@hotmail.com', 'Hien12345', '0941234567', N'34 Nguyễn Huệ, TP Huế'),
(35, N'Lý Văn Hòa', 'lyvanhoa@gmail.com', 'Hoa45678', '0921234567', N'67 Trần Hưng Đạo, Quận 5, TP.HCM'),
(36, N'Phan Thị Hương', 'phanthihuong@yahoo.com', 'Huong78901', '0978901234', N'12 Nguyễn Đình Chiểu, Đà Lạt'),
(37, N'Nguyễn Văn Khánh', 'nguyenvankhanh@gmail.com', 'Khanh23456', '0968901234', N'45 Lê Văn Sỹ, Quận 3, TP.HCM'),
(38, N'Trần Thị Kim', 'tranthikim@gmail.com', 'Kim89012', '0938901234', N'78 Hoàng Diệu, Hải Phòng'),
(39, N'Lê Văn Lợi', 'levanloi@hotmail.com', 'Loi34567', '0918901234', N'56 Nguyễn Công Trứ, Hà Nội'),
(40, N'Phạm Thị Minh', 'phamthiminh@gmail.com', 'Minh67890', '0987890123', N'34 Trần Quang Khải, TP.HCM'),
(41, N'Hoàng Văn Ngọc', 'hoangvanngoc@yahoo.com', 'Ngoc12345', '0947890123', N'67 Nguyễn Thị Minh Khai, Đà Nẵng'),
(42, N'Vũ Thị Nhung', 'vuthinhung@gmail.com', 'Nhung45678', '0927890123', N'12 Lê Hồng Phong, Nha Trang'),
(43, N'Đỗ Văn Phát', 'dovanphat@gmail.com', 'Phat78901', '0976789012', N'45 Phạm Hồng Thái, Hà Nội'),
(44, N'Ngô Thị Phương', 'ngothiphuong@yahoo.com', 'Phuong23456', '0966789012', N'78 Nguyễn Văn Trỗi, TP.HCM'),
(45, N'Bùi Văn Quang', 'buivanquang@gmail.com', 'Quang89012', '0936789012', N'56 Lý Nam Đế, Hà Nội'),
(46, N'Trương Thị Quy', 'truongthiquy@hotmail.com', 'Quy34567', '0916789012', N'34 Nguyễn Thái Học, Huế'),
(47, N'Lý Văn Sơn', 'lyvanson@gmail.com', 'Son67890', '0985678901', N'67 Lê Lai, Đà Nẵng'),
(48, N'Phan Thị Thảo', 'phanthithao@yahoo.com', 'Thao12345', '0945678901', N'12 Nguyễn Hữu Thọ, TP.HCM'),
(49, N'Nguyễn Văn Thịnh', 'nguyenvanthinh@gmail.com', 'Thinh45678', '0925678901', N'45 Trần Quốc Toản, Hà Nội'),
(50, N'Trần Thị Thúy', 'tranthithuy@gmail.com', 'Thuy78901', '0974567890', N'78 Nguyễn Khánh Toàn, Hà Nội');

INSERT INTO Courses (CourseId, CourseTitle, CourseDesc, CoursePrice, Author, CreatedAt) VALUES
(1, N'Lập trình Python Cơ bản', N'Khóa học giới thiệu về lập trình Python cho người mới bắt đầu.', 1500000.00, 1, '2025-01-01 08:00:00'),
(2, N'Thiết kế đồ họa với Photoshop', N'Học cách sử dụng Photoshop để tạo ra các thiết kế chuyên nghiệp.', 2000000.00, 2, '2025-01-02 09:00:00'),
(3, N'Tiếng Anh giao tiếp cơ bản', N'Khóa học cải thiện kỹ năng giao tiếp tiếng Anh hàng ngày.', 1200000.00, 3, '2025-01-03 10:00:00'),
(4, N'Lập trình Web với HTML và CSS', N'Học cách xây dựng giao diện web đẹp mắt với HTML và CSS.', 1800000.00, 4, '2025-01-04 11:00:00'),
(5, N'Kỹ năng quản lý thời gian', N'Học cách quản lý thời gian hiệu quả để đạt được mục tiêu.', 1000000.00, 5, '2025-01-05 12:00:00'),
(6, N'Lập trình Java nâng cao', N'Khóa học chuyên sâu về lập trình Java cho lập trình viên.', 2500000.00, 6, '2025-01-06 13:00:00'),
(7, N'Nhiếp ảnh cơ bản', N'Học các kỹ thuật nhiếp ảnh cơ bản với máy ảnh chuyên nghiệp.', 1700000.00, 7, '2025-01-07 14:00:00'),
(8, N'Kỹ năng thuyết trình chuyên nghiệp', N'Học cách thuyết trình tự tin và thu hút người nghe.', 1300000.00, 8, '2025-01-08 15:00:00'),
(9, N'Phát triển ứng dụng di động với Flutter', N'Học cách xây dựng ứng dụng di động đa nền tảng với Flutter.', 2200000.00, 9, '2025-01-09 16:00:00'),
(10, N'Học Machine Learning cơ bản', N'Giới thiệu về Machine Learning và các thuật toán cơ bản.', 3000000.00, 10, '2025-01-10 17:00:00'),
(11, N'Kỹ năng bán hàng chuyên nghiệp', N'Học các kỹ năng bán hàng hiệu quả và xây dựng mối quan hệ khách hàng.', 1400000.00, 11, '2025-01-11 18:00:00'),
(12, N'Lập trình C++ cho người mới bắt đầu', N'Khóa học lập trình C++ cơ bản với các ví dụ thực tế.', 1600000.00, 12, '2025-01-12 19:00:00'),
(13, N'Thiết kế nội thất hiện đại', N'Học cách thiết kế không gian sống hiện đại và thẩm mỹ.', 1900000.00, 13, '2025-01-13 20:00:00'),
(14, N'Tiếng Nhật sơ cấp', N'Khóa học tiếng Nhật cho người mới bắt đầu.', 1100000.00, 14, '2025-01-14 21:00:00'),
(15, N'Kỹ năng lãnh đạo hiệu quả', N'Học cách lãnh đạo nhóm và quản lý dự án thành công.', 2000000.00, 15, '2025-01-15 22:00:00'),
(16, N'Lập trình Android với Kotlin', N'Học cách phát triển ứng dụng Android với ngôn ngữ Kotlin.', 2300000.00, 16, '2025-01-16 08:00:00'),
(17, N'Học Excel từ cơ bản đến nâng cao', N'Khóa học sử dụng Excel để phân tích dữ liệu hiệu quả.', 1200000.00, 17, '2025-01-17 09:00:00'),
(18, N'Kỹ năng viết lách sáng tạo', N'Học cách viết truyện, bài quảng cáo và nội dung sáng tạo.', 1400000.00, 18, '2025-01-18 10:00:00'),
(19, N'Lập trình trò chơi với Unity', N'Học cách phát triển trò chơi 2D và 3D với Unity.', 2500000.00, 19, '2025-01-19 11:00:00'),
(20, N'Học SQL cho quản trị cơ sở dữ liệu', N'Khóa học về SQL để quản lý và phân tích cơ sở dữ liệu.', 1500000.00, 20, '2025-01-20 12:00:00'),
(21, N'Kỹ năng giao tiếp trong kinh doanh', N'Học cách giao tiếp hiệu quả trong môi trường kinh doanh.', 1300000.00, 21, '2025-01-21 13:00:00'),
(22, N'Thiết kế thời trang cơ bản', N'Học cách thiết kế quần áo và phụ kiện thời trang.', 1800000.00, 22, '2025-01-22 14:00:00'),
(23, N'Lập trình PHP và MySQL', N'Học cách xây dựng website động với PHP và MySQL.', 1700000.00, 23, '2025-01-23 15:00:00'),
(24, N'Tiếng Hàn sơ cấp', N'Khóa học tiếng Hàn cho người mới bắt đầu.', 1100000.00, 24, '2025-01-24 16:00:00'),
(25, N'Kỹ năng quản lý tài chính cá nhân', N'Học cách quản lý tài chính cá nhân hiệu quả.', 1000000.00, 25, '2025-01-25 17:00:00'),
(26, N'Lập trình AI với Python', N'Khóa học về trí tuệ nhân tạo sử dụng Python.', 2800000.00, 26, '2025-01-26 18:00:00'),
(27, N'Học làm bánh chuyên nghiệp', N'Học các kỹ thuật làm bánh ngọt và bánh mì.', 1600000.00, 27, '2025-01-27 19:00:00'),
(28, N'Kỹ năng đàm phán kinh doanh', N'Học cách đàm phán hiệu quả trong kinh doanh.', 1400000.00, 28, '2025-01-28 20:00:00'),
(29, N'Lập trình iOS với Swift', N'Học cách phát triển ứng dụng iOS với Swift.', 2400000.00, 29, '2025-01-29 21:00:00'),
(30, N'Học PowerPoint chuyên nghiệp', N'Học cách tạo slide thuyết trình chuyên nghiệp với PowerPoint.', 1100000.00, 30, '2025-01-30 22:00:00'),
(31, N'Kỹ năng quản lý dự án', N'Học cách quản lý dự án hiệu quả với các công cụ hiện đại.', 1800000.00, 31, '2025-01-31 08:00:00'),
(32, N'Thiết kế giao diện với Figma', N'Học cách thiết kế giao diện người dùng với Figma.', 1500000.00, 32, '2025-02-01 09:00:00'),
(33, N'Tiếng Pháp sơ cấp', N'Khóa học tiếng Pháp cho người mới bắt đầu.', 1200000.00, 33, '2025-02-02 10:00:00'),
(34, N'Kỹ năng chăm sóc khách hàng', N'Học cách chăm sóc khách hàng để tăng sự hài lòng.', 1300000.00, 34, '2025-02-03 11:00:00'),
(35, N'Lập trình JavaScript nâng cao', N'Khóa học chuyên sâu về JavaScript và các thư viện.', 2000000.00, 35, '2025-02-04 12:00:00'),
(36, N'Học nấu ăn Việt Nam', N'Học cách nấu các món ăn truyền thống Việt Nam.', 1400000.00, 36, '2025-02-05 13:00:00'),
(37, N'Kỹ năng viết CV và phỏng vấn', N'Học cách viết CV chuyên nghiệp và kỹ năng phỏng vấn.', 1000000.00, 37, '2025-02-06 14:00:00'),
(38, N'Lập trình R cho phân tích dữ liệu', N'Học cách sử dụng R để phân tích dữ liệu thống kê.', 1700000.00, 38, '2025-02-07 15:00:00'),
(39, N'Thiết kế kiến trúc nội thất', N'Học cách thiết kế không gian nội thất hiện đại.', 1900000.00, 39, '2025-02-08 16:00:00'),
(40, N'Tiếng Trung sơ cấp', N'Khóa học tiếng Trung cho người mới bắt đầu.', 1100000.00, 40, '2025-02-09 17:00:00'),
(41, N'Kỹ năng tổ chức sự kiện', N'Học cách tổ chức các sự kiện chuyên nghiệp.', 1500000.00, 41, '2025-02-10 18:00:00'),
(42, N'Lập trình Blockchain cơ bản', N'Giới thiệu về công nghệ Blockchain và lập trình.', 2500000.00, 42, '2025-02-11 19:00:00'),
(43, N'Học vẽ tranh sơn dầu', N'Học các kỹ thuật vẽ tranh sơn dầu cơ bản.', 1600000.00, 43, '2025-02-12 20:00:00'),
(44, N'Kỹ năng marketing số', N'Học các chiến lược marketing trên nền tảng số.', 1800000.00, 44, '2025-02-13 21:00:00'),
(45, N'Lập trình Arduino cho IoT', N'Học cách lập trình Arduino để phát triển IoT.', 2000000.00, 45, '2025-02-14 22:00:00'),
(46, N'Học chơi đàn guitar', N'Khóa học guitar cơ bản cho người mới bắt đầu.', 1200000.00, 46, '2025-02-15 08:00:00'),
(47, N'Kỹ năng viết nội dung SEO', N'Học cách viết nội dung tối ưu hóa công cụ tìm kiếm.', 1400000.00, 47, '2025-02-16 09:00:00'),
(48, N'Lập trình Ruby on Rails', N'Học cách xây dựng ứng dụng web với Ruby on Rails.', 1900000.00, 48, '2025-02-17 10:00:00'),
(49, N'Tiếng Tây Ban Nha sơ cấp', N'Khóa học tiếng Tây Ban Nha cho người mới bắt đầu.', 1100000.00, 49, '2025-02-18 11:00:00'),
(50, N'Kỹ năng quản lý nhân sự', N'Học cách quản lý đội ngũ nhân sự hiệu quả.', 1500000.00, 50, '2025-02-19 12:00:00');

INSERT INTO Chapters (ChapterId, CourseId, ChapterTitle, ChapterDesc, ChapterPosition, CreatedAt) VALUES
(1, 1, N'Giới thiệu về Python', N'Tìm hiểu về Python và cách cài đặt môi trường.', 1, '2025-01-01 08:00:00'),
(2, 1, N'Cú pháp cơ bản', N'Học về biến, kiểu dữ liệu và câu lệnh cơ bản.', 2, '2025-01-01 09:00:00'),
(3, 1, N'Hàm trong Python', N'Tìm hiểu cách định nghĩa và sử dụng hàm.', 3, '2025-01-01 10:00:00'),
(4, 2, N'Giới thiệu Photoshop', N'Tìm hiểu giao diện và công cụ trong Photoshop.', 1, '2025-01-02 08:00:00'),
(5, 2, N'Chỉnh sửa ảnh cơ bản', N'Học cách chỉnh sửa ảnh với các công cụ cơ bản.', 2, '2025-01-02 09:00:00'),
(6, 2, N'Thiết kế banner', N'Học cách thiết kế banner quảng cáo chuyên nghiệp.', 3, '2025-01-02 10:00:00'),
(7, 3, N'Từ vựng cơ bản', N'Học các từ vựng tiếng Anh thông dụng.', 1, '2025-01-03 08:00:00'),
(8, 3, N'Ngữ pháp cơ bản', N'Tìm hiểu các cấu trúc ngữ pháp cơ bản.', 2, '2025-01-03 09:00:00'),
(9, 3, N'Luyện nghe và nói', N'Thực hành kỹ năng nghe và nói tiếng Anh.', 3, '2025-01-03 10:00:00'),
(10, 4, N'Giới thiệu HTML', N'Tìm hiểu về HTML và cấu trúc trang web.', 1, '2025-01-04 08:00:00'),
(11, 4, N'CSS cơ bản', N'Học cách sử dụng CSS để định dạng trang web.', 2, '2025-01-04 09:00:00'),
(12, 4, N'Bố cục giao diện', N'Học cách tạo bố cục responsive với CSS.', 3, '2025-01-04 10:00:00'),
(13, 5, N'Lập kế hoạch thời gian', N'Học cách lập kế hoạch để quản lý thời gian.', 1, '2025-01-05 08:00:00'),
(14, 5, N'Ưu tiên công việc', N'Học cách sắp xếp ưu tiên công việc hiệu quả.', 2, '2025-01-05 09:00:00'),
(15, 5, N'Tránh trì hoãn', N'Các kỹ thuật để tránh trì hoãn trong công việc.', 3, '2025-01-05 10:00:00'),
(16, 6, N'Lập trình hướng đối tượng', N'Tìm hiểu về OOP trong Java.', 1, '2025-01-06 08:00:00'),
(17, 6, N'Xử lý ngoại lệ', N'Học cách xử lý lỗi trong Java.', 2, '2025-01-06 09:00:00'),
(18, 6, N'Lập trình đa luồng', N'Tìm hiểu về multithreading trong Java.', 3, '2025-01-06 10:00:00'),
(19, 7, N'Cơ bản về nhiếp ảnh', N'Tìm hiểu về máy ảnh và các thiết lập cơ bản.', 1, '2025-01-07 08:00:00'),
(20, 7, N'Kỹ thuật chụp ảnh', N'Học các kỹ thuật chụp ảnh cơ bản.', 2, '2025-01-07 09:00:00'),
(21, 7, N'Chỉnh sửa ảnh', N'Học cách chỉnh sửa ảnh sau khi chụp.', 3, '2025-01-07 10:00:00'),
(22, 8, N'Chuẩn bị bài thuyết trình', N'Học cách chuẩn bị nội dung thuyết trình.', 1, '2025-01-08 08:00:00'),
(23, 8, N'Kỹ năng trình bày', N'Học cách trình bày tự tin trước đám đông.', 2, '2025-01-08 09:00:00'),
(24, 8, N'Xử lý câu hỏi', N'Học cách trả lời câu hỏi từ khán giả.', 3, '2025-01-08 10:00:00'),
(25, 9, N'Giới thiệu Flutter', N'Tìm hiểu về Flutter và cách cài đặt.', 1, '2025-01-09 08:00:00'),
(26, 9, N'Xây dựng giao diện', N'Học cách thiết kế giao diện với Flutter.', 2, '2025-01-09 09:00:00'),
(27, 9, N'Quản lý trạng thái', N'Học cách quản lý trạng thái trong Flutter.', 3, '2025-01-09 10:00:00'),
(28, 10, N'Giới thiệu Machine Learning', N'Tìm hiểu về các khái niệm cơ bản của ML.', 1, '2025-01-10 08:00:00'),
(29, 10, N'Thuật toán phân loại', N'Học về các thuật toán phân loại trong ML.', 2, '2025-01-10 09:00:00'),
(30, 10, N'Thực hành với Python', N'Áp dụng ML với Python và thư viện scikit-learn.', 3, '2025-01-10 10:00:00'),
(31, 11, N'Kỹ năng tiếp cận khách hàng', N'Học cách tiếp cận và xây dựng mối quan hệ.', 1, '2025-01-11 08:00:00'),
(32, 11, N'Kỹ năng bán hàng', N'Học các kỹ thuật bán hàng hiệu quả.', 2, '2025-01-11 09:00:00'),
(33, 11, N'Chăm sóc sau bán hàng', N'Học cách chăm sóc khách hàng sau khi bán.', 3, '2025-01-11 10:00:00'),
(34, 12, N'Giới thiệu C++', N'Tìm hiểu về C++ và cách cài đặt môi trường.', 1, '2025-01-12 08:00:00'),
(35, 12, N'Cú pháp cơ bản C++', N'Học về biến, kiểu dữ liệu và câu lệnh C++.', 2, '2025-01-12 09:00:00'),
(36, 12, N'Lập trình hướng đối tượng', N'Tìm hiểu về OOP trong C++.', 3, '2025-01-12 10:00:00'),
(37, 13, N'Nguyên lý thiết kế nội thất', N'Tìm hiểu về các nguyên lý thiết kế cơ bản.', 1, '2025-01-13 08:00:00'),
(38, 13, N'Sử dụng phần mềm thiết kế', N'Học cách sử dụng phần mềm thiết kế nội thất.', 2, '2025-01-13 09:00:00'),
(39, 13, N'Thực hành thiết kế', N'Thực hành thiết kế một không gian nội thất.', 3, '2025-01-13 10:00:00'),
(40, 14, N'Bảng chữ cái tiếng Nhật', N'Học bảng Hiragana và Katakana.', 1, '2025-01-14 08:00:00'),
(41, 14, N'Ngữ pháp tiếng Nhật cơ bản', N'Tìm hiểu các cấu trúc ngữ pháp cơ bản.', 2, '2025-01-14 09:00:00'),
(42, 14, N'Luyện giao tiếp tiếng Nhật', N'Thực hành giao tiếp tiếng Nhật cơ bản.', 3, '2025-01-14 10:00:00'),
(43, 15, N'Kỹ năng lãnh đạo nhóm', N'Học cách lãnh đạo và quản lý nhóm hiệu quả.', 1, '2025-01-15 08:00:00'),
(44, 15, N'Quản lý xung đột', N'Học cách giải quyết xung đột trong nhóm.', 2, '2025-01-15 09:00:00'),
(45, 15, N'Lập kế hoạch dự án', N'Học cách lập kế hoạch cho các dự án.', 3, '2025-01-15 10:00:00'),
(46, 16, N'Giới thiệu Kotlin', N'Tìm hiểu về Kotlin và cách cài đặt.', 1, '2025-01-16 08:00:00'),
(47, 16, N'Lập trình Android cơ bản', N'Học cách xây dựng ứng dụng Android với Kotlin.', 2, '2025-01-16 09:00:00'),
(48, 16, N'Xây dựng giao diện Android', N'Học cách thiết kế giao diện với Kotlin.', 3, '2025-01-16 10:00:00'),
(49, 17, N'Giới thiệu Excel', N'Tìm hiểu về giao diện và các chức năng Excel.', 1, '2025-01-17 08:00:00'),
(50, 17, N'Hàm và công thức Excel', N'Học cách sử dụng hàm và công thức trong Excel.', 2, '2025-01-17 09:00:00');

INSERT INTO Videos (VideoId, VideoUrl, VideoDesc, VideoDuration, CreatedAt) VALUES
(1, 'https://video.khoahoc.com/python/gioi-thieu', N'Video giới thiệu về Python.', 300, '2025-01-01 08:00:00'),
(2, 'https://video.khoahoc.com/python/cu-phap', N'Video về cú pháp cơ bản Python.', 450, '2025-01-01 09:00:00'),
(3, 'https://video.khoahoc.com/python/ham', N'Video về cách sử dụng hàm trong Python.', 400, '2025-01-01 10:00:00'),
(4, 'https://video.khoahoc.com/photoshop/gioi-thieu', N'Video giới thiệu về Photoshop.', 350, '2025-01-02 08:00:00'),
(5, 'https://video.khoahoc.com/photoshop/chinh-sua', N'Video chỉnh sửa ảnh cơ bản với Photoshop.', 500, '2025-01-02 09:00:00'),
(6, 'https://video.khoahoc.com/photoshop/banner', N'Video thiết kế banner với Photoshop.', 600, '2025-01-02 10:00:00'),
(7, 'https://video.khoahoc.com/tieng-anh/tu-vung', N'Video học từ vựng tiếng Anh cơ bản.', 400, '2025-01-03 08:00:00'),
(8, 'https://video.khoahoc.com/tieng-anh/ngu-phap', N'Video học ngữ pháp tiếng Anh cơ bản.', 450, '2025-01-03 09:00:00'),
(9, 'https://video.khoahoc.com/tieng-anh/luyen-nghe', N'Video luyện nghe và nói tiếng Anh.', 500, '2025-01-03 10:00:00'),
(10, 'https://video.khoahoc.com/html/gioi-thieu', N'Video giới thiệu về HTML.', 300, '2025-01-04 08:00:00'),
(11, 'https://video.khoahoc.com/css/co-ban', N'Video học CSS cơ bản.', 400, '2025-01-04 09:00:00'),
(12, 'https://video.khoahoc.com/css/bo-cuc', N'Video tạo bố cục responsive với CSS.', 450, '2025-01-04 10:00:00'),
(13, 'https://video.khoahoc.com/quan-ly-thoi-gian/lap-ke-hoach', N'Video lập kế hoạch thời gian.', 350, '2025-01-05 08:00:00'),
(14, 'https://video.khoahoc.com/quan-ly-thoi-gian/uu-tien', N'Video sắp xếp ưu tiên công việc.', 400, '2025-01-05 09:00:00'),
(15, 'https://video.khoahoc.com/quan-ly-thoi-gian/tri-hoan', N'Video tránh trì hoãn trong công việc.', 450, '2025-01-05 10:00:00'),
(16, 'https://video.khoahoc.com/java/oop', N'Video lập trình hướng đối tượng trong Java.', 500, '2025-01-06 08:00:00'),
(17, 'https://video.khoahoc.com/java/ngoai-le', N'Video xử lý ngoại lệ trong Java.', 450, '2025-01-06 09:00:00'),
(18, 'https://video.khoahoc.com/java/da-luong', N'Video lập trình đa luồng trong Java.', 550, '2025-01-06 10:00:00'),
(19, 'https://video.khoahoc.com/nhiep-anh/co-ban', N'Video cơ bản về nhiếp ảnh.', 400, '2025-01-07 08:00:00'),
(20, 'https://video.khoahoc.com/nhiep-anh/ky-thuat', N'Video kỹ thuật chụp ảnh cơ bản.', 450, '2025-01-07 09:00:00'),
(21, 'https://video.khoahoc.com/nhiep-anh/chinh-sua', N'Video chỉnh sửa ảnh sau khi chụp.', 500, '2025-01-07 10:00:00'),
(22, 'https://video.khoahoc.com/thuyet-trinh/chuan-bi', N'Video chuẩn bị bài thuyết trình.', 350, '2025-01-08 08:00:00'),
(23, 'https://video.khoahoc.com/thuyet-trinh/trinh-bay', N'Video kỹ năng trình bày trước đám đông.', 400, '2025-01-08 09:00:00'),
(24, 'https://video.khoahoc.com/thuyet-trinh/cau-hoi', N'Video xử lý câu hỏi từ khán giả.', 450, '2025-01-08 10:00:00'),
(25, 'https://video.khoahoc.com/flutter/gioi-thieu', N'Video giới thiệu về Flutter.', 300, '2025-01-09 08:00:00'),
(26, 'https://video.khoahoc.com/flutter/giao-dien', N'Video thiết kế giao diện với Flutter.', 400, '2025-01-09 09:00:00'),
(27, 'https://video.khoahoc.com/flutter/trang-thai', N'Video quản lý trạng thái trong Flutter.', 450, '2025-01-09 10:00:00'),
(28, 'https://video.khoahoc.com/ml/gioi-thieu', N'Video giới thiệu về Machine Learning.', 350, '2025-01-10 08:00:00'),
(29, 'https://video.khoahoc.com/ml/phan-loai', N'Video về thuật toán phân loại trong ML.', 400, '2025-01-10 09:00:00'),
(30, 'https://video.khoahoc.com/ml/thuc-hanh', N'Video thực hành ML với Python.', 450, '2025-01-10 10:00:00'),
(31, 'https://video.khoahoc.com/ban-hang/tiep-can', N'Video tiếp cận khách hàng.', 350, '2025-01-11 08:00:00'),
(32, 'https://video.khoahoc.com/ban-hang/ky-nang', N'Video kỹ năng bán hàng hiệu quả.', 400, '2025-01-11 09:00:00'),
(33, 'https://video.khoahoc.com/ban-hang/cham-soc', N'Video chăm sóc khách hàng sau bán.', 450, '2025-01-11 10:00:00'),
(34, 'https://video.khoahoc.com/cpp/gioi-thieu', N'Video giới thiệu về C++.', 300, '2025-01-12 08:00:00'),
(35, 'https://video.khoahoc.com/cpp/cu-phap', N'Video cú pháp cơ bản C++.', 400, '2025-01-12 09:00:00'),
(36, 'https://video.khoahoc.com/cpp/oop', N'Video lập trình hướng đối tượng trong C++.', 450, '2025-01-12 10:00:00'),
(37, 'https://video.khoahoc.com/noi-that/nguyen-ly', N'Video nguyên lý thiết kế nội thất.', 350, '2025-01-13 08:00:00'),
(38, 'https://video.khoahoc.com/noi-that/phan-mem', N'Video sử dụng phần mềm thiết kế nội thất.', 400, '2025-01-13 09:00:00'),
(39, 'https://video.khoahoc.com/noi-that/thuc-hanh', N'Video thực hành thiết kế nội thất.', 450, '2025-01-13 10:00:00'),
(40, 'https://video.khoahoc.com/tieng-nhat/chu-cai', N'Video học bảng chữ cái tiếng Nhật.', 300, '2025-01-14 08:00:00'),
(41, 'https://video.khoahoc.com/tieng-nhat/ngu-phap', N'Video ngữ pháp tiếng Nhật cơ bản.', 400, '2025-01-14 09:00:00'),
(42, 'https://video.khoahoc.com/tieng-nhat/giao-tiep', N'Video luyện giao tiếp tiếng Nhật.', 450, '2025-01-14 10:00:00'),
(43, 'https://video.khoahoc.com/lanh-dao/nhom', N'Video kỹ năng lãnh đạo nhóm.', 350, '2025-01-15 08:00:00'),
(44, 'https://video.khoahoc.com/lanh-dao/xung-dot', N'Video quản lý xung đột trong nhóm.', 400, '2025-01-15 09:00:00'),
(45, 'https://video.khoahoc.com/lanh-dao/ke-hoach', N'Video lập kế hoạch dự án.', 450, '2025-01-15 10:00:00'),
(46, 'https://video.khoahoc.com/kotlin/gioi-thieu', N'Video giới thiệu về Kotlin.', 300, '2025-01-16 08:00:00'),
(47, 'https://video.khoahoc.com/kotlin/android', N'Video lập trình Android với Kotlin.', 400, '2025-01-16 09:00:00'),
(48, 'https://video.khoahoc.com/kotlin/giao-dien', N'Video thiết kế giao diện Android.', 450, '2025-01-16 10:00:00'),
(49, 'https://video.khoahoc.com/excel/gioi-thieu', N'Video giới thiệu về Excel.', 300, '2025-01-17 08:00:00'),
(50, 'https://video.khoahoc.com/excel/ham', N'Video hàm và công thức trong Excel.', 400, '2025-01-17 09:00:00');

INSERT INTO Lessons (LessonId, ChapterId, VideoId, LessonTitle, LessonDesc, CreatedAt) VALUES
(1, 1, 1, N'Giới thiệu Python', N'Tìm hiểu về Python và ứng dụng của nó.', '2025-01-01 08:00:00'),
(2, 1, 2, N'Cú pháp cơ bản Python', N'Học về biến, kiểu dữ liệu và câu lệnh cơ bản.', '2025-01-01 09:00:00'),
(3, 2, 3, N'Hàm trong Python', N'Học cách định nghĩa và sử dụng hàm trong Python.', '2025-01-01 10:00:00'),
(4, 4, 4, N'Giới thiệu Photoshop', N'Tìm hiểu giao diện và công cụ trong Photoshop.', '2025-01-02 08:00:00'),
(5, 4, 5, N'Chỉnh sửa ảnh cơ bản', N'Học cách chỉnh sửa ảnh với Photoshop.', '2025-01-02 09:00:00'),
(6, 5, 6, N'Thiết kế banner', N'Học cách thiết kế banner chuyên nghiệp.', '2025-01-02 10:00:00'),
(7, 7, 7, N'Học từ vựng tiếng Anh', N'Học các từ vựng thông dụng trong giao tiếp.', '2025-01-03 08:00:00'),
(8, 7, 8, N'Ngữ pháp tiếng Anh cơ bản', N'Tìm hiểu các cấu trúc ngữ pháp cơ bản.', '2025-01-03 09:00:00'),
(9, 8, 9, N'Luyện nghe và nói', N'Thực hành kỹ năng nghe và nói tiếng Anh.', '2025-01-03 10:00:00'),
(10, 10, 10, N'Giới thiệu HTML', N'Tìm hiểu về HTML và cấu trúc trang web.', '2025-01-04 08:00:00'),
(11, 10, 11, N'CSS cơ bản', N'Học cách sử dụng CSS để định dạng trang web.', '2025-01-04 09:00:00'),
(12, 11, 12, N'Bố cục responsive', N'Học cách tạo bố cục responsive với CSS.', '2025-01-04 10:00:00'),
(13, 13, 13, N'Lập kế hoạch thời gian', N'Học cách lập kế hoạch để quản lý thời gian.', '2025-01-05 08:00:00'),
(14, 13, 14, N'Ưu tiên công việc', N'Học cách sắp xếp ưu tiên công việc hiệu quả.', '2025-01-05 09:00:00'),
(15, 14, 15, N'Tránh trì hoãn', N'Học các kỹ thuật để tránh trì hoãn.', '2025-01-05 10:00:00'),
(16, 16, 16, N'OOP trong Java', N'Tìm hiểu về lập trình hướng đối tượng.', '2025-01-06 08:00:00'),
(17, 16, 17, N'Xử lý ngoại lệ', N'Học cách xử lý lỗi trong Java.', '2025-01-06 09:00:00'),
(18, 17, 18, N'Lập trình đa luồng', N'Tìm hiểu về multithreading trong Java.', '2025-01-06 10:00:00'),
(19, 19, 19, N'Cơ bản về nhiếp ảnh', N'Tìm hiểu về máy ảnh và thiết lập cơ bản.', '2025-01-07 08:00:00'),
(20, 19, 20, N'Kỹ thuật chụp ảnh', N'Học các kỹ thuật chụp ảnh cơ bản.', '2025-01-07 09:00:00'),
(21, 20, 21, N'Chỉnh sửa ảnh', N'Học cách chỉnh sửa ảnh sau khi chụp.', '2025-01-07 10:00:00'),
(22, 22, 22, N'Chuẩn bị bài thuyết trình', N'Học cách chuẩn bị nội dung thuyết trình.', '2025-01-08 08:00:00'),
(23, 22, 23, N'Kỹ năng trình bày', N'Học cách trình bày tự tin trước đám đông.', '2025-01-08 09:00:00'),
(24, 23, 24, N'Xử lý câu hỏi', N'Học cách trả lời câu hỏi từ khán giả.', '2025-01-08 10:00:00'),
(25, 25, 25, N'Giới thiệu Flutter', N'Tìm hiểu về Flutter và cách cài đặt.', '2025-01-09 08:00:00'),
(26, 25, 26, N'Thiết kế giao diện Flutter', N'Học cách thiết kế giao diện với Flutter.', '2025-01-09 09:00:00'),
(27, 26, 27, N'Quản lý trạng thái', N'Học cách quản lý trạng thái trong Flutter.', '2025-01-09 10:00:00'),
(28, 28, 28, N'Giới thiệu Machine Learning', N'Tìm hiểu các khái niệm cơ bản của ML.', '2025-01-10 08:00:00'),
(29, 28, 29, N'Thuật toán phân loại', N'Học về các thuật toán phân loại trong ML.', '2025-01-10 09:00:00'),
(30, 29, 30, N'Thực hành ML với Python', N'Áp dụng ML với Python và scikit-learn.', '2025-01-10 10:00:00'),
(31, 31, 31, N'Tiếp cận khách hàng', N'Học cách tiếp cận và xây dựng mối quan hệ.', '2025-01-11 08:00:00'),
(32, 31, 32, N'Kỹ năng bán hàng', N'Học các kỹ thuật bán hàng hiệu quả.', '2025-01-11 09:00:00'),
(33, 32, 33, N'Chăm sóc sau bán hàng', N'Học cách chăm sóc khách hàng sau bán.', '2025-01-11 10:00:00'),
(34, 34, 34, N'Giới thiệu C++', N'Tìm hiểu về C++ và cách cài đặt.', '2025-01-12 08:00:00'),
(35, 34, 35, N'Cú pháp cơ bản C++', N'Học về biến và câu lệnh trong C++.', '2025-01-12 09:00:00'),
(36, 35, 36, N'OOP trong C++', N'Tìm hiểu về lập trình hướng đối tượng.', '2025-01-12 10:00:00'),
(37, 37, 37, N'Nguyên lý thiết kế nội thất', N'Tìm hiểu về các nguyên lý thiết kế.', '2025-01-13 08:00:00'),
(38, 37, 38, N'Sử dụng phần mềm thiết kế', N'Học cách sử dụng phần mềm thiết kế nội thất.', '2025-01-13 09:00:00'),
(39, 38, 39, N'Thực hành thiết kế nội thất', N'Thực hành thiết kế một không gian nội thất.', '2025-01-13 10:00:00'),
(40, 40, 40, N'Bảng chữ cái tiếng Nhật', N'Học bảng Hiragana và Katakana.', '2025-01-14 08:00:00'),
(41, 40, 41, N'Ngữ pháp tiếng Nhật', N'Tìm hiểu các cấu trúc ngữ pháp cơ bản.', '2025-01-14 09:00:00'),
(42, 41, 42, N'Luyện giao tiếp tiếng Nhật', N'Thực hành giao tiếp tiếng Nhật cơ bản.', '2025-01-14 10:00:00'),
(43, 43, 43, N'Kỹ năng lãnh đạo nhóm', N'Học cách lãnh đạo và quản lý nhóm.', '2025-01-15 08:00:00'),
(44, 43, 44, N'Quản lý xung đột', N'Học cách giải quyết xung đột trong nhóm.', '2025-01-15 09:00:00'),
(45, 44, 45, N'Lập kế hoạch dự án', N'Học cách lập kế hoạch cho dự án.', '2025-01-15 10:00:00'),
(46, 46, 46, N'Giới thiệu Kotlin', N'Tìm hiểu về Kotlin và cách cài đặt.', '2025-01-16 08:00:00'),
(47, 46, 47, N'Lập trình Android với Kotlin', N'Học cách xây dựng ứng dụng Android.', '2025-01-16 09:00:00'),
(48, 47, 48, N'Thiết kế giao diện Android', N'Học cách thiết kế giao diện với Kotlin.', '2025-01-16 10:00:00'),
(49, 49, 49, N'Giới thiệu Excel', N'Tìm hiểu về giao diện và chức năng Excel.', '2025-01-17 08:00:00'),
(50, 49, 50, N'Hàm và công thức Excel', N'Học cách sử dụng hàm trong Excel.', '2025-01-17 09:00:00');

INSERT INTO Documents (DocumentId, LessonId, DocumentUrl, DocumentDesc, CreatedAt) VALUES
(1, 1, 'https://tai-lieu.khoahoc.com/python/gioi-thieu.pdf', N'Tài liệu giới thiệu về Python.', '2025-01-01 08:00:00'),
(2, 2, 'https://tai-lieu.khoahoc.com/python/cu-phap.pdf', N'Tài liệu về cú pháp cơ bản Python.', '2025-01-01 09:00:00'),
(3, 3, 'https://tai-lieu.khoahoc.com/python/ham.pdf', N'Tài liệu về hàm trong Python.', '2025-01-01 10:00:00'),
(4, 4, 'https://tai-lieu.khoahoc.com/photoshop/gioi-thieu.pdf', N'Tài liệu giới thiệu về Photoshop.', '2025-01-02 08:00:00'),
(5, 5, 'https://tai-lieu.khoahoc.com/photoshop/chinh-sua.pdf', N'Tài liệu chỉnh sửa ảnh cơ bản.', '2025-01-02 09:00:00'),
(6, 6, 'https://tai-lieu.khoahoc.com/photoshop/banner.pdf', N'Tài liệu thiết kế banner.', '2025-01-02 10:00:00'),
(7, 7, 'https://tai-lieu.khoahoc.com/tieng-anh/tu-vung.pdf', N'Tài liệu từ vựng tiếng Anh.', '2025-01-03 08:00:00'),
(8, 8, 'https://tai-lieu.khoahoc.com/tieng-anh/ngu-phap.pdf', N'Tài liệu ngữ pháp tiếng Anh.', '2025-01-03 09:00:00'),
(9, 9, 'https://tai-lieu.khoahoc.com/tieng-anh/luyen-nghe.pdf', N'Tài liệu luyện nghe và nói.', '2025-01-03 10:00:00'),
(10, 10, 'https://tai-lieu.khoahoc.com/html/gioi-thieu.pdf', N'Tài liệu giới thiệu HTML.', '2025-01-04 08:00:00'),
(11, 11, 'https://tai-lieu.khoahoc.com/css/co-ban.pdf', N'Tài liệu CSS cơ bản.', '2025-01-04 09:00:00'),
(12, 12, 'https://tai-lieu.khoahoc.com/css/bo-cuc.pdf', N'Tài liệu tạo bố cục responsive.', '2025-01-04 10:00:00'),
(13, 13, 'https://tai-lieu.khoahoc.com/quan-ly-thoi-gian/lap-ke-hoach.pdf', N'Tài liệu lập kế hoạch thời gian.', '2025-01-05 08:00:00'),
(14, 14, 'https://tai-lieu.khoahoc.com/quan-ly-thoi-gian/uu-tien.pdf', N'Tài liệu ưu tiên công việc.', '2025-01-05 09:00:00'),
(15, 15, 'https://tai-lieu.khoahoc.com/quan-ly-thoi-gian/tri-hoan.pdf', N'Tài liệu tránh trì hoãn.', '2025-01-05 10:00:00'),
(16, 16, 'https://tai-lieu.khoahoc.com/java/oop.pdf', N'Tài liệu lập trình hướng đối tượng.', '2025-01-06 08:00:00'),
(17, 17, 'https://tai-lieu.khoahoc.com/java/ngoai-le.pdf', N'Tài liệu xử lý ngoại lệ.', '2025-01-06 09:00:00'),
(18, 18, 'https://tai-lieu.khoahoc.com/java/da-luong.pdf', N'Tài liệu lập trình đa luồng.', '2025-01-06 10:00:00'),
(19, 19, 'https://tai-lieu.khoahoc.com/nhiep-anh/co-ban.pdf', N'Tài liệu cơ bản về nhiếp ảnh.', '2025-01-07 08:00:00'),
(20, 20, 'https://tai-lieu.khoahoc.com/nhiep-anh/ky-thuat.pdf', N'Tài liệu kỹ thuật chụp ảnh.', '2025-01-07 09:00:00'),
(21, 21, 'https://tai-lieu.khoahoc.com/nhiep-anh/chinh-sua.pdf', N'Tài liệu chỉnh sửa ảnh.', '2025-01-07 10:00:00'),
(22, 22, 'https://tai-lieu.khoahoc.com/thuyet-trinh/chuan-bi.pdf', N'Tài liệu chuẩn bị bài thuyết trình.', '2025-01-08 08:00:00'),
(23, 23, 'https://tai-lieu.khoahoc.com/thuyet-trinh/trinh-bay.pdf', N'Tài liệu kỹ năng trình bày.', '2025-01-08 09:00:00'),
(24, 24, 'https://tai-lieu.khoahoc.com/thuyet-trinh/cau-hoi.pdf', N'Tài liệu xử lý câu hỏi.', '2025-01-08 10:00:00'),
(25, 25, 'https://tai-lieu.khoahoc.com/flutter/gioi-thieu.pdf', N'Tài liệu giới thiệu Flutter.', '2025-01-09 08:00:00'),
(26, 26, 'https://tai-lieu.khoahoc.com/flutter/giao-dien.pdf', N'Tài liệu thiết kế giao diện Flutter.', '2025-01-09 09:00:00'),
(27, 27, 'https://tai-lieu.khoahoc.com/flutter/trang-thai.pdf', N'Tài liệu quản lý trạng thái.', '2025-01-09 10:00:00'),
(28, 28, 'https://tai-lieu.khoahoc.com/ml/gioi-thieu.pdf', N'Tài liệu giới thiệu Machine Learning.', '2025-01-10 08:00:00'),
(29, 29, 'https://tai-lieu.khoahoc.com/ml/phan-loai.pdf', N'Tài liệu thuật toán phân loại.', '2025-01-10 09:00:00'),
(30, 30, 'https://tai-lieu.khoahoc.com/ml/thuc-hanh.pdf', N'Tài liệu thực hành ML với Python.', '2025-01-10 10:00:00'),
(31, 31, 'https://tai-lieu.khoahoc.com/ban-hang/tiep-can.pdf', N'Tài liệu tiếp cận khách hàng.', '2025-01-11 08:00:00'),
(32, 32, 'https://tai-lieu.khoahoc.com/ban-hang/ky-nang.pdf', N'Tài liệu kỹ năng bán hàng.', '2025-01-11 09:00:00'),
(33, 33, 'https://tai-lieu.khoahoc.com/ban-hang/cham-soc.pdf', N'Tài liệu chăm sóc sau bán hàng.', '2025-01-11 10:00:00'),
(34, 34, 'https://tai-lieu.khoahoc.com/cpp/gioi-thieu.pdf', N'Tài liệu giới thiệu C++.', '2025-01-12 08:00:00'),
(35, 35, 'https://tai-lieu.khoahoc.com/cpp/cu-phap.pdf', N'Tài liệu cú pháp cơ bản C++.', '2025-01-12 09:00:00'),
(36, 36, 'https://tai-lieu.khoahoc.com/cpp/oop.pdf', N'Tài liệu lập trình hướng đối tượng.', '2025-01-12 10:00:00'),
(37, 37, 'https://tai-lieu.khoahoc.com/noi-that/nguyen-ly.pdf', N'Tài liệu nguyên lý thiết kế nội thất.', '2025-01-13 08:00:00'),
(38, 38, 'https://tai-lieu.khoahoc.com/noi-that/phan-mem.pdf', N'Tài liệu sử dụng phần mềm thiết kế.', '2025-01-13 09:00:00'),
(39, 39, 'https://tai-lieu.khoahoc.com/noi-that/thuc-hanh.pdf', N'Tài liệu thực hành thiết kế nội thất.', '2025-01-13 10:00:00'),
(40, 40, 'https://tai-lieu.khoahoc.com/tieng-nhat/chu-cai.pdf', N'Tài liệu bảng chữ cái tiếng Nhật.', '2025-01-14 08:00:00'),
(41, 41, 'https://tai-lieu.khoahoc.com/tieng-nhat/ngu-phap.pdf', N'Tài liệu ngữ pháp tiếng Nhật.', '2025-01-14 09:00:00'),
(42, 42, 'https://tai-lieu.khoahoc.com/tieng-nhat/giao-tiep.pdf', N'Tài liệu luyện giao tiếp tiếng Nhật.', '2025-01-14 10:00:00'),
(43, 43, 'https://tai-lieu.khoahoc.com/lanh-dao/nhom.pdf', N'Tài liệu kỹ năng lãnh đạo nhóm.', '2025-01-15 08:00:00'),
(44, 44, 'https://tai-lieu.khoahoc.com/lanh-dao/xung-dot.pdf', N'Tài liệu quản lý xung đột.', '2025-01-15 09:00:00'),
(45, 45, 'https://tai-lieu.khoahoc.com/lanh-dao/ke-hoach.pdf', N'Tài liệu lập kế hoạch dự án.', '2025-01-15 10:00:00'),
(46, 46, 'https://tai-lieu.khoahoc.com/kotlin/gioi-thieu.pdf', N'Tài liệu giới thiệu Kotlin.', '2025-01-16 08:00:00'),
(47, 47, 'https://tai-lieu.khoahoc.com/kotlin/android.pdf', N'Tài liệu lập trình Android với Kotlin.', '2025-01-16 09:00:00'),
(48, 48, 'https://tai-lieu.khoahoc.com/kotlin/giao-dien.pdf', N'Tài liệu thiết kế giao diện Android.', '2025-01-16 10:00:00'),
(49, 49, 'https://tai-lieu.khoahoc.com/excel/gioi-thieu.pdf', N'Tài liệu giới thiệu Excel.', '2025-01-17 08:00:00'),
(50, 50, 'https://tai-lieu.khoahoc.com/excel/ham.pdf', N'Tài liệu hàm và công thức Excel.', '2025-01-17 09:00:00');

INSERT INTO Exams (ExamId, CourseId, ChapterId, ExamName, ExamDuration, ExamDesc, CreatedAt) VALUES
(1, NULL, 1, N'Kiểm tra Python cơ bản', 60, N'Kiểm tra kiến thức cơ bản về Python.', '2025-01-01 08:00:00'),
(2, NULL, 2, N'Kiểm tra cú pháp Python', 45, N'Kiểm tra về cú pháp và biến trong Python.', '2025-01-01 09:00:00'),
(3, NULL, 4, N'Kiểm tra Photoshop cơ bản', 60, N'Kiểm tra kiến thức cơ bản về Photoshop.', '2025-01-02 08:00:00'),
(4, NULL, 5, N'Kiểm tra chỉnh sửa ảnh', 45, N'Kiểm tra kỹ năng chỉnh sửa ảnh.', '2025-01-02 09:00:00'),
(5, NULL, 7, N'Kiểm tra từ vựng tiếng Anh', 30, N'Kiểm tra từ vựng tiếng Anh cơ bản.', '2025-01-03 08:00:00'),
(6, NULL, 8, N'Kiểm tra ngữ pháp tiếng Anh', 45, N'Kiểm tra ngữ pháp tiếng Anh cơ bản.', '2025-01-03 09:00:00'),
(7, NULL, 10, N'Kiểm tra HTML cơ bản', 60, N'Kiểm tra kiến thức về HTML.', '2025-01-04 08:00:00'),
(8, NULL, 11, N'Kiểm tra CSS cơ bản', 45, N'Kiểm tra kỹ năng sử dụng CSS.', '2025-01-04 09:00:00'),
(9, NULL, 13, N'Kiểm tra quản lý thời gian', 30, N'Kiểm tra kỹ năng lập kế hoạch thời gian.', '2025-01-05 08:00:00'),
(10, NULL, 14, N'Kiểm tra ưu tiên công việc', 45, N'Kiểm tra kỹ năng sắp xếp ưu tiên.', '2025-01-05 09:00:00'),
(11, NULL, 16, N'Kiểm tra OOP trong Java', 60, N'Kiểm tra kiến thức về OOP trong Java.', '2025-01-06 08:00:00'),
(12, NULL, 17, N'Kiểm tra xử lý ngoại lệ', 45, N'Kiểm tra kỹ năng xử lý ngoại lệ.', '2025-01-06 09:00:00'),
(13, NULL, 19, N'Kiểm tra nhiếp ảnh cơ bản', 60, N'Kiểm tra kiến thức về nhiếp ảnh.', '2025-01-07 08:00:00'),
(14, NULL, 20, N'Kiểm tra kỹ thuật chụp ảnh', 45, N'Kiểm tra kỹ thuật chụp ảnh cơ bản.', '2025-01-07 09:00:00'),
(15, NULL, 22, N'Kiểm tra chuẩn bị thuyết trình', 30, N'Kiểm tra kỹ năng chuẩn bị thuyết trình.', '2025-01-08 08:00:00'),
(16, NULL, 23, N'Kiểm tra kỹ năng trình bày', 45, N'Kiểm tra kỹ năng trình bày trước đám đông.', '2025-01-08 09:00:00'),
(17, NULL, 25, N'Kiểm tra Flutter cơ bản', 60, N'Kiểm tra kiến thức về Flutter.', '2025-01-09 08:00:00'),
(18, NULL, 26, N'Kiểm tra giao diện Flutter', 45, N'Kiểm tra kỹ năng thiết kế giao diện.', '2025-01-09 09:00:00'),
(19, NULL, 28, N'Kiểm tra Machine Learning', 60, N'Kiểm tra kiến thức về Machine Learning.', '2025-01-10 08:00:00'),
(20, NULL, 29, N'Kiểm tra thuật toán phân loại', 45, N'Kiểm tra các thuật toán phân loại.', '2025-01-10 09:00:00'),
(21, NULL, 31, N'Kiểm tra tiếp cận khách hàng', 30, N'Kiểm tra kỹ năng tiếp cận khách hàng.', '2025-01-11 08:00:00'),
(22, NULL, 32, N'Kiểm tra kỹ năng bán hàng', 45, N'Kiểm tra kỹ năng bán hàng hiệu quả.', '2025-01-11 09:00:00'),
(23, NULL, 34, N'Kiểm tra C++ cơ bản', 60, N'Kiểm tra kiến thức về C++.', '2025-01-12 08:00:00'),
(24, NULL, 35, N'Kiểm tra cú pháp C++', 45, N'Kiểm tra cú pháp cơ bản C++.', '2025-01-12 09:00:00'),
(25, NULL, 37, N'Kiểm tra thiết kế nội thất', 60, N'Kiểm tra nguyên lý thiết kế nội thất.', '2025-01-13 08:00:00'),
(26, NULL, 38, N'Kiểm tra phần mềm thiết kế', 45, N'Kiểm tra kỹ năng sử dụng phần mềm.', '2025-01-13 09:00:00'),
(27, NULL, 40, N'Kiểm tra bảng chữ cái tiếng Nhật', 30, N'Kiểm tra bảng Hiragana và Katakana.', '2025-01-14 08:00:00'),
(28, NULL, 41, N'Kiểm tra ngữ pháp tiếng Nhật', 45, N'Kiểm tra ngữ pháp tiếng Nhật cơ bản.', '2025-01-14 09:00:00'),
(29, NULL, 43, N'Kiểm tra kỹ năng lãnh đạo', 60, N'Kiểm tra kỹ năng lãnh đạo nhóm.', '2025-01-15 08:00:00'),
(30, NULL, 44, N'Kiểm tra quản lý xung đột', 45, N'Kiểm tra kỹ năng giải quyết xung đột.', '2025-01-15 09:00:00'),
(31, NULL, 46, N'Kiểm tra Kotlin cơ bản', 60, N'Kiểm tra kiến thức về Kotlin.', '2025-01-16 08:00:00'),
(32, NULL, 47, N'Kiểm tra lập trình Android', 45, N'Kiểm tra kỹ năng lập trình Android.', '2025-01-16 09:00:00'),
(33, NULL, 49, N'Kiểm tra Excel cơ bản', 30, N'Kiểm tra kiến thức về Excel.', '2025-01-17 08:00:00'),
(34, NULL, 50, N'Kiểm tra hàm Excel', 45, N'Kiểm tra kỹ năng sử dụng hàm Excel.', '2025-01-17 09:00:00'),
(35, 18, NULL, N'Kiểm tra viết lách sáng tạo', 60, N'Kiểm tra kỹ năng viết nội dung sáng tạo.', '2025-01-18 08:00:00'),
(36, 19, NULL, N'Kiểm tra lập trình Unity', 60, N'Kiểm tra kiến thức về Unity.', '2025-01-19 08:00:00'),
(37, 20, NULL, N'Kiểm tra SQL cơ bản', 45, N'Kiểm tra kiến thức về SQL.', '2025-01-20 08:00:00'),
(38, 21, NULL, N'Kiểm tra giao tiếp kinh doanh', 30, N'Kiểm tra kỹ năng giao tiếp kinh doanh.', '2025-01-21 08:00:00'),
(39, 22, NULL, N'Kiểm tra thiết kế thời trang', 60, N'Kiểm tra kiến thức về thiết kế thời trang.', '2025-01-22 08:00:00'),
(40, 23, NULL, N'Kiểm tra PHP cơ bản', 45, N'Kiểm tra kiến thức về PHP.', '2025-01-23 08:00:00'),
(41, 24, NULL, N'Kiểm tra tiếng Hàn sơ cấp', 30, N'Kiểm tra kiến thức tiếng Hàn cơ bản.', '2025-01-24 08:00:00'),
(42, 25, NULL, N'Kiểm tra quản lý tài chính', 45, N'Kiểm tra kỹ năng quản lý tài chính.', '2025-01-25 08:00:00'),
(43, 26, NULL, N'Kiểm tra AI với Python', 60, N'Kiểm tra kiến thức về AI với Python.', '2025-01-26 08:00:00'),
(44, 27, NULL, N'Kiểm tra làm bánh', 45, N'Kiểm tra kỹ năng làm bánh cơ bản.', '2025-01-27 08:00:00'),
(45, 28, NULL, N'Kiểm tra đàm phán kinh doanh', 30, N'Kiểm tra kỹ năng đàm phán.', '2025-01-28 08:00:00'),
(46, 29, NULL, N'Kiểm tra Swift cơ bản', 60, N'Kiểm tra kiến thức về Swift.', '2025-01-29 08:00:00'),
(47, 30, NULL, N'Kiểm tra PowerPoint', 45, N'Kiểm tra kỹ năng sử dụng PowerPoint.', '2025-01-30 08:00:00'),
(48, 31, NULL, N'Kiểm tra quản lý dự án', 60, N'Kiểm tra kỹ năng quản lý dự án.', '2025-01-31 08:00:00'),
(49, 32, NULL, N'Kiểm tra thiết kế với Figma', 45, N'Kiểm tra kỹ năng sử dụng Figma.', '2025-02-01 08:00:00'),
(50, 33, NULL, N'Kiểm tra tiếng Pháp sơ cấp', 30, N'Kiểm tra kiến thức tiếng Pháp cơ bản.', '2025-02-02 08:00:00');

INSERT INTO Assignments (AssignmentId, LessonId, AssignmentDuration, AssignmentDesc, CreatedAt) VALUES
(1, 1, 120, N'Viết chương trình Python in ra dãy số Fibonacci.', '2025-01-01 08:00:00'),
(2, 2, 90, N'Tạo biến và thực hiện các phép toán cơ bản trong Python.', '2025-01-01 09:00:00'),
(3, 3, 100, N'Viết hàm tính giai thừa trong Python.', '2025-01-01 10:00:00'),
(4, 4, 120, N'Tạo một ảnh chỉnh sửa cơ bản bằng Photoshop.', '2025-01-02 08:00:00'),
(5, 5, 90, N'Chỉnh sửa màu sắc và độ sáng của một bức ảnh.', '2025-01-02 09:00:00'),
(6, 6, 150, N'Thiết kế một banner quảng cáo bằng Photoshop.', '2025-01-02 10:00:00'),
(7, 7, 60, N'Học và ghi nhớ 50 từ vựng tiếng Anh.', '2025-01-03 08:00:00'),
(8, 8, 90, N'Viết 10 câu sử dụng cấu trúc ngữ pháp cơ bản.', '2025-01-03 09:00:00'),
(9, 9, 120, N'Thực hành hội thoại tiếng Anh với bạn học.', '2025-01-03 10:00:00'),
(10, 10, 90, N'Tạo một trang HTML đơn giản.', '2025-01-04 08:00:00'),
(11, 11, 100, N'Định dạng một trang web bằng CSS.', '2025-01-04 09:00:00'),
(12, 12, 120, N'Tạo bố cục responsive cho một trang web.', '2025-01-04 10:00:00'),
(13, 13, 60, N'Lập kế hoạch thời gian cho một tuần làm việc.', '2025-01-05 08:00:00'),
(14, 14, 90, N'Sắp xếp ưu tiên cho 10 công việc hàng ngày.', '2025-01-05 09:00:00'),
(15, 15, 60, N'Viết bài luận về cách tránh trì hoãn.', '2025-01-05 10:00:00'),
(16, 16, 120, N'Viết chương trình Java sử dụng OOP.', '2025-01-06 08:00:00'),
(17, 17, 90, N'Viết chương trình xử lý ngoại lệ trong Java.', '2025-01-06 09:00:00'),
(18, 18, 100, N'Viết chương trình đa luồng trong Java.', '2025-01-06 10:00:00'),
(19, 19, 120, N'Chụp một bức ảnh phong cảnh cơ bản.', '2025-01-07 08:00:00'),
(20, 20, 90, N'Thực hành kỹ thuật chụp ảnh chân dung.', '2025-01-07 09:00:00'),
(21, 21, 100, N'Chỉnh sửa một bức ảnh bằng phần mềm.', '2025-01-07 10:00:00'),
(22, 22, 60, N'Chuẩn bị slide thuyết trình về một chủ đề.', '2025-01-08 08:00:00'),
(23, 23, 90, N'Thực hành thuyết trình trước nhóm nhỏ.', '2025-01-08 09:00:00'),
(24, 24, 60, N'Viết câu trả lời cho các câu hỏi giả định.', '2025-01-08 10:00:00'),
(25, 25, 120, N'Tạo một ứng dụng Flutter cơ bản.', '2025-01-09 08:00:00'),
(26, 26, 90, N'Thiết kế giao diện cho ứng dụng Flutter.', '2025-01-09 09:00:00'),
(27, 27, 100, N'Viết code quản lý trạng thái trong Flutter.', '2025-01-09 10:00:00'),
(28, 28, 120, N'Viết báo cáo về khái niệm Machine Learning.', '2025-01-10 08:00:00'),
(29, 29, 90, N'Thực hành thuật toán phân loại với Python.', '2025-01-10 09:00:00'),
(30, 30, 100, N'Xây dựng mô hình ML đơn giản với scikit-learn.', '2025-01-10 10:00:00'),
(31, 31, 60, N'Viết kế hoạch tiếp cận khách hàng.', '2025-01-11 08:00:00'),
(32, 32, 90, N'Thực hành kỹ năng bán hàng qua tình huống.', '2025-01-11 09:00:00'),
(33, 33, 60, N'Viết kế hoạch chăm sóc khách hàng sau bán.', '2025-01-11 10:00:00'),
(34, 34, 120, N'Viết chương trình C++ cơ bản.', '2025-01-12 08:00:00'),
(35, 35, 90, N'Viết chương trình C++ với các kiểu dữ liệu.', '2025-01-12 09:00:00'),
(36, 36, 100, N'Viết chương trình C++ sử dụng OOP.', '2025-01-12 10:00:00'),
(37, 37, 120, N'Thiết kế một không gian nội thất đơn giản.', '2025-01-13 08:00:00'),
(38, 38, 90, N'Sử dụng phần mềm thiết kế để tạo bản vẽ.', '2025-01-13 09:00:00'),
(39, 39, 100, N'Thực hành thiết kế phòng khách.', '2025-01-13 10:00:00'),
(40, 40, 60, N'Học và viết lại bảng chữ cái tiếng Nhật.', '2025-01-14 08:00:00'),
(41, 41, 90, N'Viết 10 câu sử dụng ngữ pháp tiếng Nhật.', '2025-01-14 09:00:00'),
(42, 42, 60, N'Thực hành hội thoại tiếng Nhật cơ bản.', '2025-01-14 10:00:00'),
(43, 43, 120, N'Viết kế hoạch lãnh đạo một nhóm nhỏ.', '2025-01-15 08:00:00'),
(44, 44, 90, N'Viết bài luận về giải quyết xung đột.', '2025-01-15 09:00:00'),
(45, 45, 100, N'Lập kế hoạch cho một dự án giả định.', '2025-01-15 10:00:00'),
(46, 46, 120, N'Viết chương trình Kotlin cơ bản.', '2025-01-16 08:00:00'),
(47, 47, 90, N'Tạo ứng dụng Android đơn giản với Kotlin.', '2025-01-16 09:00:00'),
(48, 48, 100, N'Thiết kế giao diện Android với Kotlin.', '2025-01-16 10:00:00'),
(49, 49, 60, N'Tạo bảng tính Excel cơ bản.', '2025-01-17 08:00:00'),
(50, 50, 90, N'Viết công thức Excel để tính toán dữ liệu.', '2025-01-17 09:00:00');

INSERT INTO Answers (AnswerId, AnswerText) VALUES
(1, 'print("Hello, World!")'),
(2, 'a = 10; b = 20; print(a + b)'),
(3, 'def factorial(n): return 1 if n == 0 else n * factorial(n-1)'),
(4, N'Sử dụng công cụ Crop để cắt ảnh.'),
(5, N'Điều chỉnh Brightness/Contrast trong Photoshop.'),
(6, N'Sử dụng Layer để thiết kế banner.'),
(7, 'Hello: Xin chào'),
(8, N'Câu khẳng định: S + V + O'),
(9, N'Hội thoại: How are you? - I am fine.'),
(10, '<html><body><h1>Hello</h1></body></html>'),
(11, 'body { background-color: lightblue; }'),
(12, 'display: flex; justify-content: center;'),
(13, N'Lập danh sách công việc hàng ngày.'),
(14, N'Ưu tiên công việc quan trọng trước.'),
(15, N'Đặt mục tiêu cụ thể để tránh trì hoãn.'),
(16, 'class Person { String name; }'),
(17, 'try { ... } catch (Exception e) { ... }'),
(18, 'Thread t = new Thread(); t.start();'),
(19, N'Sử dụng ISO 100 cho ảnh sáng.'),
(20, N'Sử dụng ánh sáng tự nhiên khi chụp chân dung.'),
(21, N'Sử dụng công cụ chỉnh sửa màu trong Lightroom.'),
(22, N'Tạo 5 slide với nội dung rõ ràng.'),
(23, N'Giữ giọng nói to, rõ ràng khi thuyết trình.'),
(24, N'Cảm ơn câu hỏi và trả lời ngắn gọn.'),
(25, 'Flutter: main() { runApp(MyApp()); }'),
(26, N'Sử dụng Widget để thiết kế giao diện.'),
(27, N'Sử dụng setState() để quản lý trạng thái.'),
(28, N'Machine Learning là học máy.'),
(29, N'KNN là thuật toán phân loại.'),
(30, 'from sklearn import svm'),
(31, N'Gửi email giới thiệu sản phẩm.'),
(32, N'Tạo tình huống bán hàng giả định.'),
(33, N'Gọi điện chăm sóc khách hàng sau bán.'),
(34, 'int main() { cout << "Hello"; }'),
(35, 'int x = 10; cout << x;'),
(36, 'class Car { public: int speed; };'),
(37, N'Sử dụng màu trung tính cho nội thất.'),
(38, N'Sử dụng AutoCAD để vẽ bản thiết kế.'),
(39, N'Thiết kế phòng khách với sofa và bàn trà.'),
(40, N'Hiragana: あいうえお'),
(41, N'Câu: わたしはがくせいです。'),
(42, N'Hội thoại: おはよう！- おはようございます。'),
(43, N'Phân công nhiệm vụ rõ ràng cho nhóm.'),
(44, N'Hòa giải bằng cách lắng nghe cả hai bên.'),
(45, N'Sử dụng Gantt chart để lập kế hoạch.'),
(46, 'fun main() { println("Hello") }'),
(47, N'Tạo Activity đơn giản trong Android.'),
(48, N'Sử dụng XML để thiết kế giao diện Android.'),
(49, N'Tạo bảng tính với 3 cột và 10 dòng.'),
(50, '=SUM(A1:A10)');

INSERT INTO Questions (QuestionId, QuestionText, QuestionType, QuestionScore, AnswerId, ExamId, AssignmentId) VALUES
(1, N'Làm thế nào để in "Hello, World!" trong Python?', N'Trắc nghiệm', 2.00, 1, 1, NULL),
(2, N'Viết chương trình tính tổng hai số trong Python.', N'Tự luận', 3.00, 2, NULL, 1),
(3, N'Hàm tính giai thừa trong Python được viết thế nào?', N'Tự luận', 3.00, 3, NULL, 3),
(4, N'Công cụ nào trong Photoshop dùng để cắt ảnh?', N'Trắc nghiệm', 2.00, 4, 3, NULL),
(5, N'Làm thế nào để chỉnh độ sáng trong Photoshop?', N'Tự luận', 3.00, 5, NULL, 5),
(6, N'Cách sử dụng Layer khi thiết kế banner?', N'Tự luận', 3.00, 6, NULL, 6),
(7, N'Từ "Hello" trong tiếng Anh nghĩa là gì?', N'Trắc nghiệm', 1.00, 7, 5, NULL),
(8, N'Cấu trúc câu khẳng định trong tiếng Anh?', N'Tự luận', 2.00, 8, NULL, 8),
(9, N'Viết một đoạn hội thoại tiếng Anh cơ bản.', N'Tự luận', 3.00, 9, NULL, 9),
(10, N'Viết mã HTML để hiển thị tiêu đề.', N'Tự luận', 2.00, 10, NULL, 10),
(11, N'Làm thế nào để đổi màu nền bằng CSS?', N'Trắc nghiệm', 2.00, 11, 8, NULL),
(12, N'Cách tạo bố cục căn giữa bằng CSS?', N'Tự luận', 3.00, 12, NULL, 12),
(13, N'Làm thế nào để lập kế hoạch thời gian hiệu quả?', N'Tự luận', 2.00, 13, NULL, 13),
(14, N'Cách ưu tiên công việc quan trọng?', N'Trắc nghiệm', 2.00, 14, 10, NULL),
(15, N'Làm thế nào để tránh trì hoãn?', N'Tự luận', 2.00, 15, NULL, 15),
(16, N'Viết một lớp đơn giản trong Java.', N'Tự luận', 3.00, 16, NULL, 16),
(17, N'Cách xử lý ngoại lệ trong Java?', N'Trắc nghiệm', 2.00, 17, 12, NULL),
(18, N'Cách tạo một luồng trong Java?', N'Tự luận', 3.00, 18, NULL, 18),
(19, N'ISO phù hợp để chụp ảnh sáng là gì?', N'Trắc nghiệm', 2.00, 19, 13, NULL),
(20, N'Kỹ thuật chụp ảnh chân dung cần chú ý gì?', N'Tự luận', 3.00, 20, NULL, 20),
(21, N'Cách chỉnh sửa màu ảnh trong Lightroom?', N'Tự luận', 3.00, 21, NULL, 21),
(22, N'Làm thế nào để chuẩn bị slide thuyết trình?', N'Tự luận', 2.00, 22, NULL, 22),
(23, N'Kỹ năng trình bày trước đám đông là gì?', N'Trắc nghiệm', 2.00, 23, 16, NULL),
(24, N'Cách trả lời câu hỏi từ khán giả?', N'Tự luận', 2.00, 24, NULL, 24),
(25, N'Cú pháp cơ bản của Flutter là gì?', N'Tự luận', 3.00, 25, NULL, 25),
(26, N'Cách thiết kế giao diện trong Flutter?', N'Trắc nghiệm', 2.00, 26, 18, NULL),
(27, N'Cách quản lý trạng thái trong Flutter?', N'Tự luận', 3.00, 27, NULL, 27),
(28, N'Machine Learning là gì?', N'Trắc nghiệm', 2.00, 28, 19, NULL),
(29, N'Thuật toán KNN dùng để làm gì?', N'Tự luận', 3.00, 29, NULL, 29),
(30, N'Thư viện nào dùng để xây dựng mô hình ML?', N'Trắc nghiệm', 2.00, 30, 20, NULL),
(31, N'Làm thế nào để tiếp cận khách hàng?', N'Tự luận', 2.00, 31, NULL, 31),
(32, N'Kỹ năng bán hàng hiệu quả là gì?', N'Trắc nghiệm', 2.00, 32, 22, NULL),
(33, N'Cách chăm sóc khách hàng sau bán?', N'Tự luận', 2.00, 33, NULL, 33),
(34, N'Viết chương trình C++ in "Hello".', N'Tự luận', 3.00, 34, NULL, 34),
(35, N'Cách khai báo biến trong C++?', N'Trắc nghiệm', 2.00, 35, 24, NULL),
(36, N'Viết một lớp trong C++.', N'Tự luận', 3.00, 36, NULL, 36),
(37, N'Nguyên lý thiết kế nội thất là gì?', N'Trắc nghiệm', 2.00, 37, 25, NULL),
(38, N'Phần mềm nào dùng để vẽ bản thiết kế?', N'Tự luận', 3.00, 38, NULL, 38),
(39, N'Cách thiết kế phòng khách?', N'Tự luận', 3.00, 39, NULL, 39),
(40, N'Bảng chữ cái Hiragana gồm những gì?', N'Trắc nghiệm', 2.00, 40, 27, NULL),
(41, N'Viết một câu tiếng Nhật đơn giản.', N'Tự luận', 2.00, 41, NULL, 41),
(42, N'Hội thoại tiếng Nhật cơ bản là gì?', N'Tự luận', 2.00, 42, NULL, 42),
(43, N'Làm thế nào để lãnh đạo nhóm hiệu quả?', N'Trắc nghiệm', 2.00, 43, 29, NULL),
(44, N'Cách giải quyết xung đột trong nhóm?', N'Tự luận', 3.00, 44, NULL, 44),
(45, N'Công cụ nào dùng để lập kế hoạch dự án?', N'Trắc nghiệm', 2.00, 45, 30, NULL),
(46, N'Cú pháp cơ bản của Kotlin là gì?', N'Tự luận', 3.00, 46, NULL, 46),
(47, N'Cách tạo Activity trong Android?', N'Trắc nghiệm', 2.00, 47, 32, NULL),
(48, N'Cách thiết kế giao diện Android?', N'Tự luận', 3.00, 48, NULL, 48),
(49, N'Cách tạo bảng tính Excel cơ bản?', N'Trắc nghiệm', 2.00, 49, 33, NULL),
(50, N'Công thức tính tổng trong Excel?', N'Tự luận', 2.00, 50, NULL, 50);

INSERT INTO Payments (PaymentId, UserId, CourseId, PaymentDesc, PaymentAmount, PaymentMethod, CreatedAt) VALUES
(1, 1, 1, N'Thanh toán khóa học Python', 1500000.00, N'Chuyển khoản', '2025-01-01 08:00:00'),
(2, 2, 2, N'Thanh toán khóa học Photoshop', 2000000.00, N'Thẻ tín dụng', '2025-01-02 09:00:00'),
(3, 3, 3, N'Thanh toán khóa học Tiếng Anh', 1200000.00, N'Tiền mặt', '2025-01-03 10:00:00'),
(4, 4, 4, N'Thanh toán khóa học HTML và CSS', 1800000.00, N'Chuyển khoản', '2025-01-04 11:00:00'),
(5, 5, 5, N'Thanh toán khóa học Quản lý thời gian', 1000000.00, N'Thẻ tín dụng', '2025-01-05 12:00:00'),
(6, 6, 6, N'Thanh toán khóa học Java', 2500000.00, N'Tiền mặt', '2025-01-06 13:00:00'),
(7, 7, 7, N'Thanh toán khóa học Nhiếp ảnh', 1700000.00, N'Chuyển khoản', '2025-01-07 14:00:00'),
(8, 8, 8, N'Thanh toán khóa học Thuyết trình', 1300000.00, N'Thẻ tín dụng', '2025-01-08 15:00:00'),
(9, 9, 9, N'Thanh toán khóa học Flutter', 2200000.00, N'Tiền mặt', '2025-01-09 16:00:00'),
(10, 10, 10, N'Thanh toán khóa học Machine Learning', 3000000.00, N'Chuyển khoản', '2025-01-10 17:00:00'),
(11, 11, 11, N'Thanh toán khóa học Bán hàng', 1400000.00, N'Thẻ tín dụng', '2025-01-11 18:00:00'),
(12, 12, 12, N'Thanh toán khóa học C++', 1600000.00, N'Tiền mặt', '2025-01-12 19:00:00'),
(13, 13, 13, N'Thanh toán khóa học Thiết kế nội thất', 1900000.00, N'Chuyển khoản', '2025-01-13 20:00:00'),
(14, 14, 14, N'Thanh toán khóa học Tiếng Nhật', 1100000.00, N'Thẻ tín dụng', '2025-01-14 21:00:00'),
(15, 15, 15, N'Thanh toán khóa học Lãnh đạo', 2000000.00, N'Tiền mặt', '2025-01-15 22:00:00'),
(16, 16, 16, N'Thanh toán khóa học Kotlin', 2300000.00, N'Chuyển khoản', '2025-01-16 08:00:00'),
(17, 17, 17, N'Thanh toán khóa học Excel', 1200000.00, N'Thẻ tín dụng', '2025-01-17 09:00:00'),
(18, 18, 18, N'Thanh toán khóa học Viết lách', 1400000.00, N'Tiền mặt', '2025-01-18 10:00:00'),
(19, 19, 19, N'Thanh toán khóa học Unity', 2500000.00, N'Chuyển khoản', '2025-01-19 11:00:00'),
(20, 20, 20, N'Thanh toán khóa học SQL', 1500000.00, N'Thẻ tín dụng', '2025-01-20 12:00:00'),
(21, 21, 21, N'Thanh toán khóa học Giao tiếp kinh doanh', 1300000.00, N'Tiền mặt', '2025-01-21 13:00:00'),
(22, 22, 22, N'Thanh toán khóa học Thiết kế thời trang', 1800000.00, N'Chuyển khoản', '2025-01-22 14:00:00'),
(23, 23, 23, N'Thanh toán khóa học PHP', 1700000.00, N'Thẻ tín dụng', '2025-01-23 15:00:00'),
(24, 24, 24, N'Thanh toán khóa học Tiếng Hàn', 1100000.00, N'Tiền mặt', '2025-01-24 16:00:00'),
(25, 25, 25, N'Thanh toán khóa học Quản lý tài chính', 1000000.00, N'Chuyển khoản', '2025-01-25 17:00:00'),
(26, 26, 26, N'Thanh toán khóa học AI với Python', 2800000.00, N'Thẻ tín dụng', '2025-01-26 18:00:00'),
(27, 27, 27, N'Thanh toán khóa học Làm bánh', 1600000.00, N'Tiền mặt', '2025-01-27 19:00:00'),
(28, 28, 28, N'Thanh toán khóa học Đàm phán', 1400000.00, N'Chuyển khoản', '2025-01-28 20:00:00'),
(29, 29, 29, N'Thanh toán khóa học Swift', 2400000.00, N'Thẻ tín dụng', '2025-01-29 21:00:00'),
(30, 30, 30, N'Thanh toán khóa học PowerPoint', 1100000.00, N'Tiền mặt', '2025-01-30 22:00:00'),
(31, 31, 31, N'Thanh toán khóa học Quản lý dự án', 1800000.00, N'Chuyển khoản', '2025-01-31 08:00:00'),
(32, 32, 32, N'Thanh toán khóa học Figma', 1500000.00, N'Thẻ tín dụng', '2025-02-01 09:00:00'),
(33, 33, 33, N'Thanh toán khóa học Tiếng Pháp', 1200000.00, N'Tiền mặt', '2025-02-02 10:00:00'),
(34, 34, 34, N'Thanh toán khóa học Chăm sóc khách hàng', 1300000.00, N'Chuyển khoản', '2025-02-03 11:00:00'),
(35, 35, 35, N'Thanh toán khóa học JavaScript', 2000000.00, N'Thẻ tín dụng', '2025-02-04 12:00:00'),
(36, 36, 36, N'Thanh toán khóa học Nấu ăn', 1400000.00, N'Tiền mặt', '2025-02-05 13:00:00'),
(37, 37, 37, N'Thanh toán khóa học Viết CV', 1000000.00, N'Chuyển khoản', '2025-02-06 14:00:00'),
(38, 38, 38, N'Thanh toán khóa học R', 1700000.00, N'Thẻ tín dụng', '2025-02-07 15:00:00'),
(39, 39, 39, N'Thanh toán khóa học Kiến trúc nội thất', 1900000.00, N'Tiền mặt', '2025-02-08 16:00:00'),
(40, 40, 40, N'Thanh toán khóa học Tiếng Trung', 1100000.00, N'Chuyển khoản', '2025-02-09 17:00:00'),
(41, 41, 41, N'Thanh toán khóa học Tổ chức sự kiện', 1500000.00, N'Thẻ tín dụng', '2025-02-10 18:00:00'),
(42, 42, 42, N'Thanh toán khóa học Blockchain', 2500000.00, N'Tiền mặt', '2025-02-11 19:00:00'),
(43, 43, 43, N'Thanh toán khóa học Vẽ tranh', 1600000.00, N'Chuyển khoản', '2025-02-12 20:00:00'),
(44, 44, 44, N'Thanh toán khóa học Marketing số', 1800000.00, N'Thẻ tín dụng', '2025-02-13 21:00:00'),
(45, 45, 45, N'Thanh toán khóa học Arduino', 2000000.00, N'Tiền mặt', '2025-02-14 22:00:00'),
(46, 46, 46, N'Thanh toán khóa học Guitar', 1200000.00, N'Chuyển khoản', '2025-02-15 08:00:00'),
(47, 47, 47, N'Thanh toán khóa học SEO', 1400000.00, N'Thẻ tín dụng', '2025-02-16 09:00:00'),
(48, 48, 48, N'Thanh toán khóa học Ruby on Rails', 1900000.00, N'Tiền mặt', '2025-02-17 10:00:00'),
(49, 49, 49, N'Thanh toán khóa học Tiếng Tây Ban Nha', 1100000.00, N'Chuyển khoản', '2025-02-18 11:00:00'),
(50, 50, 50, N'Thanh toán khóa học Quản lý nhân sự', 1500000.00, N'Thẻ tín dụng', '2025-02-19 12:00:00');

INSERT INTO UserProgress (UserId, VideoId, IsComplete, CompletedAt) VALUES
(1, 1, 1, '2025-01-01 09:00:00'),
(1, 2, 1, '2025-01-01 10:00:00'),
(2, 4, 1, '2025-01-02 09:00:00'),
(2, 5, 0, NULL),
(3, 7, 1, '2025-01-03 09:00:00'),
(3, 8, 1, '2025-01-03 10:00:00'),
(4, 10, 1, '2025-01-04 09:00:00'),
(4, 11, 0, NULL),
(5, 13, 1, '2025-01-05 09:00:00'),
(5, 14, 1, '2025-01-05 10:00:00'),
(6, 16, 1, '2025-01-06 09:00:00'),
(6, 17, 0, NULL),
(7, 19, 1, '2025-01-07 09:00:00'),
(7, 20, 1, '2025-01-07 10:00:00'),
(8, 22, 1, '2025-01-08 09:00:00'),
(8, 23, 0, NULL),
(9, 25, 1, '2025-01-09 09:00:00'),
(9, 26, 1, '2025-01-09 10:00:00'),
(10, 28, 1, '2025-01-10 09:00:00'),
(10, 29, 0, NULL),
(11, 31, 1, '2025-01-11 09:00:00'),
(11, 32, 1, '2025-01-11 10:00:00'),
(12, 34, 1, '2025-01-12 09:00:00'),
(12, 35, 0, NULL),
(13, 37, 1, '2025-01-13 09:00:00'),
(13, 38, 1, '2025-01-13 10:00:00'),
(14, 40, 1, '2025-01-14 09:00:00'),
(14, 41, 0, NULL),
(15, 43, 1, '2025-01-15 09:00:00'),
(15, 44, 1, '2025-01-15 10:00:00'),
(16, 46, 1, '2025-01-16 09:00:00'),
(16, 47, 0, NULL),
(17, 49, 1, '2025-01-17 09:00:00'),
(17, 50, 1, '2025-01-17 10:00:00'),
(18, 1, 1, '2025-01-18 09:00:00'),
(18, 2, 0, NULL),
(19, 4, 1, '2025-01-19 09:00:00'),
(19, 5, 1, '2025-01-19 10:00:00'),
(20, 7, 1, '2025-01-20 09:00:00'),
(20, 8, 0, NULL),
(21, 10, 1, '2025-01-21 09:00:00'),
(21, 11, 1, '2025-01-21 10:00:00'),
(22, 13, 1, '2025-01-22 09:00:00'),
(22, 14, 0, NULL),
(23, 16, 1, '2025-01-23 09:00:00'),
(23, 17, 1, '2025-01-23 10:00:00'),
(24, 19, 1, '2025-01-24 09:00:00'),
(24, 20, 0, NULL),
(25, 22, 1, '2025-01-25 09:00:00'),
(25, 23, 1, '2025-01-25 10:00:00'),
(26, 25, 1, '2025-01-26 09:00:00'),
(26, 26, 0, NULL),
(27, 28, 1, '2025-01-27 09:00:00'),
(27, 29, 1, '2025-01-27 10:00:00');

INSERT INTO UserCourseStatus (UserId, CourseId, CourseStatus, GraduatedAt) VALUES
(1, 1, N'Hoàn thành', '2025-01-10 08:00:00'),
(2, 2, N'Đang học', NULL),
(3, 3, N'Hoàn thành', '2025-01-12 09:00:00'),
(4, 4, N'Đang học', NULL),
(5, 5, N'Hoàn thành', '2025-01-14 10:00:00'),
(6, 6, N'Đang học', NULL),
(7, 7, N'Hoàn thành', '2025-01-16 11:00:00'),
(8, 8, N'Đang học', NULL),
(9, 9, N'Hoàn thành', '2025-01-18 12:00:00'),
(10, 10, N'Đang học', NULL),
(11, 11, N'Hoàn thành', '2025-01-20 13:00:00'),
(12, 12, N'Đang học', NULL),
(13, 13, N'Hoàn thành', '2025-01-22 14:00:00'),
(14, 14, N'Đang học', NULL),
(15, 15, N'Hoàn thành', '2025-01-24 15:00:00'),
(16, 16, N'Đang học', NULL),
(17, 17, N'Hoàn thành', '2025-01-26 16:00:00'),
(18, 18, N'Đang học', NULL),
(19, 19, N'Hoàn thành', '2025-01-28 17:00:00'),
(20, 20, N'Đang học', NULL),
(21, 21, N'Hoàn thành', '2025-01-30 18:00:00'),
(22, 22, N'Đang học', NULL),
(23, 23, N'Hoàn thành', '2025-02-01 19:00:00'),
(24, 24, N'Đang học', NULL),
(25, 25, N'Hoàn thành', '2025-02-03 20:00:00'),
(26, 26, N'Đang học', NULL),
(27, 27, N'Hoàn thành', '2025-02-05 21:00:00'),
(28, 28, N'Đang học', NULL),
(29, 29, N'Hoàn thành', '2025-02-07 22:00:00'),
(30, 30, N'Đang học', NULL),
(31, 31, N'Hoàn thành', '2025-02-09 08:00:00'),
(32, 32, N'Đang học', NULL),
(33, 33, N'Hoàn thành', '2025-02-11 09:00:00'),
(34, 34, N'Đang học', NULL),
(35, 35, N'Hoàn thành', '2025-02-13 10:00:00'),
(36, 36, N'Đang học', NULL),
(37, 37, N'Hoàn thành', '2025-02-15 11:00:00'),
(38, 38, N'Đang học', NULL),
(39, 39, N'Hoàn thành', '2025-02-17 12:00:00'),
(40, 40, N'Đang học', NULL),
(41, 41, N'Hoàn thành', '2025-02-19 13:00:00'),
(42, 42, N'Đang học', NULL),
(43, 43, N'Hoàn thành', '2025-02-21 14:00:00'),
(44, 44, N'Đang học', NULL),
(45, 45, N'Hoàn thành', '2025-02-23 15:00:00'),
(46, 46, N'Đang học', NULL),
(47, 47, N'Hoàn thành', '2025-02-25 16:00:00'),
(48, 48, N'Đang học', NULL),
(49, 49, N'Hoàn thành', '2025-02-27 17:00:00'),
(50, 50, N'Đang học', NULL);

INSERT INTO Feedback (FeedbackId, UserId, CourseId, ChapterId, LessonId, Rating, FeedbackComment, CreatedAt) VALUES
(1, 1, 1, NULL, NULL, 5, N'Khóa học Python rất dễ hiểu và thực tế.', '2025-01-01 09:00:00'),
(2, 2, 2, NULL, NULL, 4, N'Photoshop hơi khó với người mới.', '2025-01-02 10:00:00'),
(3, 3, 3, NULL, NULL, 5, N'Tiếng Anh giao tiếp rất thú vị.', '2025-01-03 11:00:00'),
(4, 4, 4, NULL, NULL, 4, N'HTML và CSS được giảng rất chi tiết.', '2025-01-04 12:00:00'),
(5, 5, 5, NULL, NULL, 5, N'Quản lý thời gian giúp tôi cải thiện công việc.', '2025-01-05 13:00:00'),
(6, 6, 6, NULL, NULL, 3, N'Java hơi khó, cần thêm ví dụ thực tế.', '2025-01-06 14:00:00'),
(7, 7, 7, NULL, NULL, 5, N'Nhiếp ảnh rất thú vị, học được nhiều kỹ thuật.', '2025-01-07 15:00:00'),
(8, 8, 8, NULL, NULL, 4, N'Thuyết trình giúp tôi tự tin hơn.', '2025-01-08 16:00:00'),
(9, 9, 9, NULL, NULL, 5, N'Flutter rất hay, dễ áp dụng.', '2025-01-09 17:00:00'),
(10, 10, 10, NULL, NULL, 4, N'Machine Learning thú vị nhưng cần thêm bài tập.', '2025-01-10 18:00:00'),
(11, 11, 11, NULL, NULL, 5, N'Bán hàng rất thực tế, áp dụng được ngay.', '2025-01-11 19:00:00'),
(12, 12, 12, NULL, NULL, 4, N'C++ khá khó, cần thêm hướng dẫn.', '2025-01-12 20:00:00'),
(13, 13, 13, NULL, NULL, 5, N'Thiết kế nội thất rất sáng tạo.', '2025-01-13 21:00:00'),
(14, 14, 14, NULL, NULL, 4, N'Tiếng Nhật thú vị, nhưng cần thêm bài tập.', '2025-01-14 22:00:00'),
(15, 15, 15, NULL, NULL, 5, N'Kỹ năng lãnh đạo rất hữu ích.', '2025-01-15 08:00:00'),
(16, 16, 16, NULL, NULL, 4, N'Kotlin dễ học, nhưng cần thêm ví dụ.', '2025-01-16 09:00:00'),
(17, 17, 17, NULL, NULL, 5, N'Excel rất thực tế, dễ áp dụng.', '2025-01-17 10:00:00'),
(18, 18, 18, NULL, NULL, 4, N'Viết lách sáng tạo rất thú vị.', '2025-01-18 11:00:00'),
(19, 19, 19, NULL, NULL, 5, N'Unity rất hay, phù hợp với người mới.', '2025-01-19 12:00:00'),
(20, 20, 20, NULL, NULL, 4, N'SQL dễ hiểu, cần thêm bài tập thực hành.', '2025-01-20 13:00:00'),
(21, 1, NULL, 1, NULL, 5, N'Chương giới thiệu Python rất rõ ràng.', '2025-01-01 10:00:00'),
(22, 2, NULL, 4, NULL, 4, N'Chương Photoshop cần thêm ví dụ.', '2025-01-02 11:00:00'),
(23, 3, NULL, 7, NULL, 5, N'Chương từ vựng tiếng Anh rất hữu ích.', '2025-01-03 12:00:00'),
(24, 4, NULL, 10, NULL, 4, N'Chương HTML dễ hiểu, cần thêm bài tập.', '2025-01-04 13:00:00'),
(25, 5, NULL, 13, NULL, 5, N'Chương quản lý thời gian rất thực tế.', '2025-01-05 14:00:00'),
(26, 6, NULL, 16, NULL, 3, N'Chương OOP trong Java hơi khó.', '2025-01-06 15:00:00'),
(27, 7, NULL, 19, NULL, 5, N'Chương nhiếp ảnh rất thú vị.', '2025-01-07 16:00:00'),
(28, 8, NULL, 22, NULL, 4, N'Chương thuyết trình cần thêm ví dụ.', '2025-01-08 17:00:00'),
(29, 9, NULL, 25, NULL, 5, N'Chương Flutter rất dễ hiểu.', '2025-01-09 18:00:00'),
(30, 10, NULL, 28, NULL, 4, N'Chương Machine Learning cần thêm bài tập.', '2025-01-10 19:00:00'),
(31, 11, NULL, 31, NULL, 5, N'Chương bán hàng rất thực tế.', '2025-01-11 20:00:00'),
(32, 12, NULL, 34, NULL, 4, N'Chương C++ cần thêm hướng dẫn.', '2025-01-12 21:00:00'),
(33, 13, NULL, 37, NULL, 5, N'Chương thiết kế nội thất rất sáng tạo.', '2025-01-13 22:00:00'),
(34, 14, NULL, 40, NULL, 4, N'Chương tiếng Nhật cần thêm bài tập.', '2025-01-14 08:00:00'),
(35, 15, NULL, 43, NULL, 5, N'Chương lãnh đạo rất hữu ích.', '2025-01-15 09:00:00'),
(36, 16, NULL, 46, NULL, 4, N'Chương Kotlin dễ học.', '2025-01-16 10:00:00'),
(37, 17, NULL, 49, NULL, 5, N'Chương Excel rất thực tế.', '2025-01-17 11:00:00'),
(38, 1, NULL, NULL, 1, 5, N'Bài học giới thiệu Python rất dễ hiểu.', '2025-01-01 11:00:00'),
(39, 2, NULL, NULL, 4, 4, N'Bài học Photoshop cần thêm ví dụ.', '2025-01-02 12:00:00'),
(40, 3, NULL, NULL, 7, 5, N'Bài học từ vựng tiếng Anh rất hữu ích.', '2025-01-03 13:00:00'),
(41, 4, NULL, NULL, 10, 4, N'Bài học HTML dễ hiểu.', '2025-01-04 14:00:00'),
(42, 5, NULL, NULL, 13, 5, N'Bài học quản lý thời gian rất thực tế.', '2025-01-05 15:00:00'),
(43, 6, NULL, NULL, 16, 3, N'Bài học OOP trong Java hơi khó.', '2025-01-06 16:00:00'),
(44, 7, NULL, NULL, 19, 5, N'Bài học nhiếp ảnh rất thú vị.', '2025-01-07 17:00:00'),
(45, 8, NULL, NULL, 22, 4, N'Bài học thuyết trình cần thêm ví dụ.', '2025-01-08 18:00:00'),
(46, 9, NULL, NULL, 25, 5, N'Bài học Flutter rất dễ hiểu.', '2025-01-09 19:00:00'),
(47, 10, NULL, NULL, 28, 4, N'Bài học Machine Learning cần thêm bài tập.', '2025-01-10 20:00:00'),
(48, 11, NULL, NULL, 31, 5, N'Bài học bán hàng rất thực tế.', '2025-01-11 21:00:00'),
(49, 12, NULL, NULL, 34, 4, N'Bài học C++ cần thêm hướng dẫn.', '2025-01-12 22:00:00'),
(50, 13, NULL, NULL, 37, 5, N'Bài học thiết kế nội thất rất sáng tạo.', '2025-01-13 08:00:00');
